Platform,Title,Publisher
Nintendo Switch,Animal Crossing: New Horizons,Nintendo
Nintendo Switch,Assassin's Creed III Remastered,Ubisoft Entertainment
Nintendo Switch,Assassin's Creed: The Rebel Collection,Ubisoft Entertainment
Nintendo Switch,Astral Chain,Nintendo
Nintendo Switch,Axiom Verge,Badland Games
Nintendo Switch,Batman: The Telltale Series,Telltale Games
Nintendo Switch,Bayonetta 2,Nintendo
Nintendo Switch,Borderlands: Legendary Collection,2K Games
Nintendo Switch,Captain Toad: Treasure Tracker,Nintendo
Nintendo Switch,Catherine: Full Body,Atlus
Nintendo Switch,Cooking Mama: Cookstar,Ravenscourt
Nintendo Switch,Crash Bandicoot N. Sane Trilogy,Activision
Nintendo Switch,Diablo III: Eternal Collection,Missing Field
Nintendo Switch,Doom,Bethesda
Nintendo Switch,Dragon Quest Builders 2,Square Enix
Nintendo Switch,Final Fantasy I-VI Pixel Remaster Collection [Anniversary Edition],Square Enix
Nintendo Switch,Flashback 25th Anniversary Collector's Edition,Anuman Interactive
Nintendo Switch,Ghostbusters: The Video Game Remastered,"Mad Dog Games, LLC"
Nintendo Switch,God Eater 3,Bandai Namco Entertainment
Nintendo Switch,Hogwarts Legacy,Warner Bros. Interactive Entertainment
Nintendo Switch,Hollow Knight,Fangamer
Nintendo Switch,Hyrule Warriors: Age of Calamity,Nintendo
Nintendo Switch,Killer Queen Black,Missing Field
Nintendo Switch,Kirby and the Forgotten Land,Nintendo
Nintendo Switch,L.A. Noire,Rockstar Games
Nintendo Switch,LEGO DC Super-Villains [Deluxe Edition],Warner Bros. Interactive Entertainment
Nintendo Switch,Lego Harry Potter Collection,Warner Bros. Interactive Entertainment
Nintendo Switch,Little Dragons Cafe,Missing Field
Nintendo Switch,Lost Sphear,Square Enix
Nintendo Switch,Luigi's Mansion 2 HD,Nintendo
Nintendo Switch,Mario + Rabbids: Kingdom Battle,Ubisoft
Nintendo Switch,Mario Kart 8 Deluxe,Nintendo
Nintendo Switch,Marvel Ultimate Alliance 3: The Black Order,Nintendo
Nintendo Switch,Minecraft,Microsoft Game Studios
Nintendo Switch,My Time at Portia,Team17 Software Limited
Nintendo Switch,Octopath Traveler [Traveler's Compendium Edition],Square Enix
Nintendo Switch,Overwatch [Legendary Edition],Missing Field
Nintendo Switch,Paper Mario: The Thousand-Year Door,Nintendo
Nintendo Switch,Persona 3 Portable,"Sega, Limited Run Games"
Nintendo Switch,Persona 4 Golden,Limited Run Games
Nintendo Switch,Persona 5 Royal,Sega Europe
Nintendo Switch,Pikmin 4,Nintendo
Nintendo Switch,Pokémon Mystery Dungeon: Rescue Team DX,Nintendo
Nintendo Switch,Pokémon Sword,Nintendo
Nintendo Switch,"Pokémon: Let's Go, Eevee!",Nintendo
Nintendo Switch,Rayman Legends: Definitive Edition,Ubisoft Entertainment
Nintendo Switch,Rime,Grey Box
Nintendo Switch,Rune Factory 4 Special,XSEED Games
Nintendo Switch,Rune Factory 4 Special [Archival Edition],XSEED Games
Nintendo Switch,Saints Row: The Third - The Full Package,Deep Silver
Nintendo Switch,Shantae: Half-Genie Hero [Ultimate Edition],"Marvelous, XSEED Games"
Nintendo Switch,Shin Megami Tensei V: Vengeance,"Atlus Co., Ltd."
Nintendo Switch,Sid Meier's Civilization VI,2K Games
Nintendo Switch,Snack World: The Dungeon Crawl Gold,Missing Field
Nintendo Switch,South Park: The Fractured But Whole,Ubisoft
Nintendo Switch,Spyro Reignited Trilogy,Activision
Nintendo Switch,Stardew Valley,Fangamer
Nintendo Switch,Story Of Seasons: Friends Of Mineral Town,Marvelous
Nintendo Switch,Super Mario 3D All-Stars,Nintendo
Nintendo Switch,Super Mario Odyssey,Nintendo
Nintendo Switch,Super Monkey Ball: Banana Blitz HD,Sega
Nintendo Switch,Super Monkey Ball: Banana Rumble,Sega
Nintendo Switch,Tales of Vesperia: Definitive Edition,Bandai Namco Entertainment
Nintendo Switch,Elder Scrolls V: Skyrim,Bethesda Softworks
Nintendo Switch,Legend of Zelda: Breath of the Wild,Nintendo
Nintendo Switch,Legend of Zelda: Link's Awakening,Nintendo
Nintendo Switch,Legend of Zelda: Tears of the Kingdom,Nintendo
Nintendo Switch,Outer Worlds,Private Division
Nintendo Switch,Walking Dead: The Final Season,SkyBound Games
Nintendo Switch,Witcher 3: Wild Hunt [Complete Edition],CD Projekt
Nintendo Switch,Toki,Missing Field
Nintendo Switch,Travis Strikes Again: No More Heroes,Grasshopper Manufacture inc.
Nintendo Switch,Turnip Boy Commits Tax Evasion,Graffiti Games
Nintendo Switch,Two Point Hospital,Sega
PC,Final Fantasy XIV Online [The Complete Edition],Square Enix
PC,Metro Exodus,Deep Silver
PC,Middle-earth: Shadow of Mordor [Steelbook Edition],WB Games
Nintendo 3DS,Animal Crossing: Happy Home Designer,Nintendo
Nintendo 3DS,Animal Crossing: New Leaf,Nintendo
Nintendo 3DS,Animal Crossing: New Leaf Welcome Amiibo [Nintendo Selects],Nintendo
Nintendo 3DS,Bravely Default,"Square Enix, Nintendo"
Nintendo 3DS,Detective Pikachu,The Pokemon Company
Nintendo 3DS,Dragon Quest VII: Fragments of the Forgotten Past,Nintendo
Nintendo 3DS,Ever Oasis,Nintendo
Nintendo 3DS,Fantasy Life,Nintendo
Nintendo 3DS,Final Fantasy Explorers,Square Enix
Nintendo 3DS,Frozen: Olaf’s Quest,Avanquest Software
Nintendo 3DS,Kirby: Planet Robobot,Nintendo
Nintendo 3DS,Monster Hunter 4 Ultimate,Nintendo
Nintendo 3DS,Pokémon Alpha Sapphire,"Nintendo, The Pokemon Company"
Nintendo 3DS,Pokemon Art Academy,Nintendo
Nintendo 3DS,Pokémon Moon,Nintendo
Nintendo 3DS,Pokemon Mystery Dungeon: Gates To Infinity,The Pokemon Company
Nintendo 3DS,Pokémon Omega Ruby,"Nintendo, The Pokemon Company"
Nintendo 3DS,Pokemon Sun,Nintendo
Nintendo 3DS,Pokémon Super Mystery Dungeon,Nintendo
Nintendo 3DS,Pokemon Ultra Moon,Missing Field
Nintendo 3DS,Pokemon Ultra Sun,Nintendo
Nintendo 3DS,Pokémon X,"Nintendo, The Pokemon Company"
Nintendo 3DS,Pokemon Y,Nintendo
Nintendo 3DS,Puzzle Bobble Universe,Square Enix
Nintendo 3DS,Rhythm Thief & the Emperor's Treasure,Sega
Nintendo 3DS,Tetris Ultimate,Ubisoft
Nintendo 3DS,Legend of Zelda: A Link Between Worlds,Nintendo
Nintendo 3DS,Legend of Zelda: Majora's Mask 3D,Nintendo
Nintendo 3DS,Legend of Zelda: Tri Force Heroes,Nintendo
Nintendo 3DS,Theatrhythm Final Fantasy,Square Enix
Nintendo 3DS,Tomodachi Life,Nintendo
Nintendo 3DS,Xenoblade Chronicles 3D,Nintendo
Nintendo 3DS,Yo-kai Watch,Nintendo
Sony PlayStation 3,Adventure Time: Explore the Dungeon Because I DON'T KNOW!,D3 Publisher Inc.
Sony PlayStation 3,Alice: Madness Returns,Electronic Arts
Sony PlayStation 3,BATMAN ARKHAM CITY STEELBOOK VERSION,Missing Field
Sony PlayStation 3,Batman: Arkham Asylum,Eidos Interactive
Sony PlayStation 3,Batman: Arkham City,Warner Bros. Interactive Entertainment
Sony PlayStation 3,Beyond: Two Souls,SCEE
Sony PlayStation 3,Borderlands 2,2K Games
Sony PlayStation 3,Catherine,Atlus
Sony PlayStation 3,Dishonored,Bethesda Softworks
Sony PlayStation 3,Dragon Age: Origins,Electronic Arts
Sony PlayStation 3,Fallout 3,Bethesda Softworks
Sony PlayStation 3,Fallout: New Vegas,Bethesda Softworks
Sony PlayStation 3,Family Guy: Back to the Multiverse,Activision
Sony PlayStation 3,Final Fantasy X / X-2 HD Remaster,Square Enix
Sony PlayStation 3,Final Fantasy XIII,Square Enix
Sony PlayStation 3,Final Fantasy XIII-2,Square Enix
Sony PlayStation 3,Final Fantasy XIV Online: A Realm Reborn,Square Enix
Sony PlayStation 3,Hatsune Miku: Project DIVA F 2nd,Sega
Sony PlayStation 3,Heavy Rain Move Edition [Essentials],Sony Computer Entertainment
Sony PlayStation 3,inFamous 2 [PS3 Essentials],SCEE
Sony PlayStation 3,inFAMOUS [Special Edition],SCEA
Sony PlayStation 3,Injustice: Gods Among Us,Warner Bros. Interactive Entertainment
Sony PlayStation 3,Kingdom Hearts HD 1.5 Remix [Limited Edition],Square Enix
Sony PlayStation 3,L.A. Noire,Rockstar Games
Sony PlayStation 3,LEGO Batman 2: DC Super Heroes,Warner Bros. Interactive Entertainment
Sony PlayStation 3,LEGO The Hobbit,Warner Bros. Interactive Entertainment
Sony PlayStation 3,Lightning Returns: Final Fantasy XIII,Square Enix
Sony PlayStation 3,Lollipop Chainsaw,WB Games
Sony PlayStation 3,Mass Effect 3,Electronic Arts
Sony PlayStation 3,Minecraft: PlayStation 3 Edition,Sony Interactive Entertainment Europe
Sony PlayStation 3,Ni No Kuni: Wrath Of The White Witch [PS3 Essentials],Namco Bandai Games Europe SAS
Sony PlayStation 3,Persona 4: The Ultimate in Mayonaka Arena,"Atlus Co., Ltd."
Sony PlayStation 3,Prince of Persia: The Forgotten Sands,Ubisoft
Sony PlayStation 3,Ratchet & Clank: Tools of Destruction,Sony Computer Entertainment
Sony PlayStation 3,Saints Row: Gat out of Hell,Deep Silver
Sony PlayStation 3,Sleeping Dogs,Square Enix
Sony PlayStation 3,Sonic The Hedgehog,Sega
Sony PlayStation 3,South Park: The Stick of Truth,Ubisoft
Sony PlayStation 3,Tales Of Symphonia: Chronicles [Collector's Edition],Bandai Namco Entertainment
Sony PlayStation 3,Terraria,505 Games
Sony PlayStation 3,Terraria,505 Games
Sony PlayStation 3,Elder Scrolls V: Skyrim,Bethesda Softworks
Sony PlayStation 3,Last of Us,Sony Computer Entertainment
Sony PlayStation 3,Ratchet and Clank Trilogy [Classics HD],Sony Computer Entertainment
Sony PlayStation 3,Walking Dead: Season Two,Telltale Games
Sony PlayStation 3,Tomb Raider,Square Enix Europe
Sony PlayStation 3,Toy Story 3,Disney Interactive
Sony PlayStation 3,Watch Dogs,Ubisoft Entertainment
Sony PlayStation 3,Yakuza 4,Sega
Sony PlayStation 3,Yakuza: Dead Souls,Sega
Sony PlayStation 4,Call of Duty: Infinite Warfare,Activision
Sony PlayStation 4,Call of Duty: Modern Warfare,Activision
Sony PlayStation 4,Call of Duty: WWII,Activision
Sony PlayStation 4,Crisis Core: Final Fantasy VII Reunion,Square Enix
Sony PlayStation 4,DOOM UAC Pack,Bethesda Softworks
Sony PlayStation 4,Fallout 4,Bethesda Softworks
Sony PlayStation 4,Fallout 4 [Steelbook Edition],Bethesda Softworks
Sony PlayStation 4,Final Fantasy I-VI Collection [Anniversary Edition],Square Enix
Sony PlayStation 4,Final Fantasy VII Remake [Deluxe Edition],Square Enix
Sony PlayStation 4,Final Fantasy XIV Online: Heavensward Collector's Edition,Square Enix
Sony PlayStation 4,Final Fantasy XIV: Stormblood,Square Enix
Sony PlayStation 4,Final Fantasy XV,Square Enix
Sony PlayStation 4,Grand Theft Auto V,Rockstar Games
Sony PlayStation 4,Injustice 2: Legendary Edition  [Day One Edition],Warner Bros. Interactive Entertainment
Sony PlayStation 4,John Wick Hex,Good Shepherd Entertainment
Sony PlayStation 4,Kingdom Hearts III,Square Enix
Sony PlayStation 4,Kung Fu Panda: Showdown of Legendary Legends,Little Orbit
Sony PlayStation 4,Kung Fu Panda: Showdown of Legendary Legends,Little Orbit
Sony PlayStation 4,Lara Croft And The Temple Of Osiris [Gold Edition],Square Enix
Sony PlayStation 4,Life Is Strange [Limited Edition],Square Enix
Sony PlayStation 4,Marvel's Spider-Man,Sony Interactive Entertainment
Sony PlayStation 4,Minecraft Dungeons: Hero Edition,Mojang AB
Sony PlayStation 4,Minecraft Legends: Deluxe Edition,Mojang AB
Sony PlayStation 4,Minecraft: Story Mode - A Telltale Games Series - The Complete Adventure,Telltale Games
Sony PlayStation 4,Mortal Kombat 11 [Steelbook Edition],Warner Bros. Interactive Entertainment
Sony PlayStation 4,Ni no Kuni II: Revenant Kingdom,Bandai Namco Entertainment
Sony PlayStation 4,NieR: Automata [Game of the YoRHa Edition],Square Enix
Sony PlayStation 4,Persona 5,Sega Europe
Sony PlayStation 4,Persona 5 [Steelbook Launch Edition],Deep Silver
Sony PlayStation 4,Persona 5 Strikers,Sega Europe
Sony PlayStation 4,Persona 5 Strikers,Sega Europe
Sony PlayStation 4,Red Dead Redemption II,Rockstar Games
Sony PlayStation 4,Sleeping Dogs: Definitive Edition,Square Enix
Sony PlayStation 4,Star Wars Jedi: Fallen Order,Electronic Arts
Sony PlayStation 4,Stardew Valley,505 Games
Sony PlayStation 4,Stardew Valley,505 Games
Sony PlayStation 4,Elder Scrolls Online: Morrowind,Bethesda Softworks
Sony PlayStation 4,Last Guardian [Steelbook Edition],Sony Computer Entertainment
Sony PlayStation 4,Last of Us Part II,Sony Interactive Entertainment
Sony PlayStation 4,Outer Worlds,Private Division
Sony PlayStation 4,Tiny Tina's Wonderlands,2K Games
Sony PlayStation 4,World War Z,"Mad Dog Games, LLC"
Sony PlayStation 5,Astro Bot,Sony Interactive Entertainment
Sony PlayStation 5,Clair Obscur: Expedition 33,Kepler Interactive
Sony PlayStation 5,Crisis Core: Final Fantasy VII Reunion,Square Enix
Sony PlayStation 5,Cyberpunk 2077,CD Projekt
Sony PlayStation 5,Dredge [Deluxe Edition],Team17 Software Limited
Sony PlayStation 5,Final Fantasy XVI,Square Enix
Sony PlayStation 5,Grand Theft Auto V,Rockstar Games
Sony PlayStation 5,Life is Strange: True Colors,Square Enix
Sony PlayStation 5,Like a Dragon: Pirate Yakuza in Hawaii,Sega
Sony PlayStation 5,Marvel's Guardians of the Galaxy,Square Enix
Sony PlayStation 5,Marvel's Spider-Man: Miles Morales,Missing Field
Sony PlayStation 5,Metaphor: ReFantazio,"Atlus Co., Ltd."
Sony PlayStation 5,Monster Hunter Wilds,Capcom
Sony PlayStation 5,Persona 3 Reload,"Atlus Co., Ltd."
Sony PlayStation 5,Persona 5 Royal,Atlus
Sony PlayStation 5,Persona 5 Tactica,Sega
Sony PlayStation 5,Resident Evil 3,Capcom
Sony PlayStation 5,Resident Evil Village,Capcom
Sony PlayStation 5,South Park: Snow Day!,THQ Nordic
Sony PlayStation 5,Split Fiction,EA Games
Sony PlayStation 5,Star Wars Jedi: Fallen Order,Electronic Arts
Sony PlayStation 5,Star Wars Jedi: Survivor,Electronic Arts
Sony PlayStation 5,Last of Us Part I,SCEE
Sony PlayStation 5,Lord of the Rings: Gollum,Nacon
Sony PlayStation 5,Witcher 3: Wild Hunt [Complete Edition],CD Projekt Red
Sony PS Vita,Angry Birds Star Wars,Activision
Sony PS Vita,Arcana Heart 3: LOVE MAX!!!!!,"NIS America, Inc."
Sony PS Vita,Army Corps Of Hell,Square Enix
Sony PS Vita,Asphalt: Injection,Ubisoft Entertainment
Sony PS Vita,Assassin's Creed Chronicles,Ubisoft
Sony PS Vita,Assassin's Creed III: Liberation,Ubisoft Entertainment
Sony PS Vita,Atelier Shallie Plus: Alchemists of the Dusk Sea,Koei Tecmo
Sony PS Vita,Bad Apple Wars,Aksys Games
Sony PS Vita,Batman: Arkham Origins Blackgate,Warner Bros. Interactive Entertainment
Sony PS Vita,Ben 10: Galactic Racing,D3 Publisher of Europe Ltd.
Sony PS Vita,Blazblue: Chrono Phantasma Extend [Limited Edition],PQube
Sony PS Vita,Borderlands 2,2K
Sony PS Vita,Call of Duty: Black Ops Declassified,Activision
Sony PS Vita,Chaos;Child,PQube
Sony PS Vita,Child of Light [Complete Edition],Ubisoft Entertainment
Sony PS Vita,Code Realize Future Blessings,Aksys Games
Sony PS Vita,Collar X Malice,Aksys Games
Sony PS Vita,Corpse Party: Blood Drive,Marvelous
Sony PS Vita,Criminal Girls: Invite Only,"NIS America, Inc."
Sony PS Vita,Danganronpa 2: Goodbye Despair,"NIS America, Inc."
Sony PS Vita,Danganronpa Another Episode: Ultra Despair Girls,"NIS America, Inc."
Sony PS Vita,Danganronpa V3: Killing Harmony,NIS America
Sony PS Vita,DanganRonpa: Trigger Happy Havoc,NIS America
Sony PS Vita,Dead or Alive 5 Plus,Tecmo Koei
Sony PS Vita,Demon Gaze,NIS America
Sony PS Vita,Disgaea 3: Absence of Detention,NIS America
Sony PS Vita,Disgaea 4: A Promise Revisited,"NIS America, Inc."
Sony PS Vita,Disney Epic Mickey 2: The Power of Two,Disney Interactive
Sony PS Vita,Dragon's Crown,Atlus
Sony PS Vita,Dungeon Hunter: Alliance,Ubisoft
Sony PS Vita,Dungeon Travelers 2: The Royal Library & the Monster Seal,NIS America
Sony PS Vita,Dynasty Warriors Next,Koei Tecmo
Sony PS Vita,Earth Defense Force 2: Invaders From Planet Space,PQube
Sony PS Vita,F1 2011,Codemasters
Sony PS Vita,FIFA 15,EA Sports
Sony PS Vita,FIFA Football,Electronic Arts
Sony PS Vita,Final Fantasy X/X-2 HD Remaster,Square Enix
Sony PS Vita,Football Manager Classic 2014,Sega
Sony PS Vita,Freedom Wars,Sony Computer Entertainment Europe
Sony PS Vita,God Eater 2 Rage Burst,Bandai Namco Entertainment
Sony PS Vita,God of War Collection,Sony Computer Entertainment
Sony PS Vita,Grand Kingdom,"NIS America, Inc."
Sony PS Vita,Gravity Rush,Sony Computer Entertainment Europe
Sony PS Vita,Guacamelee!,"Drinkbox Studios, Limited Run Games"
Sony PS Vita,Hakuoki: Edo Blossoms,Idea Factory
Sony PS Vita,Hatsune Miku: Project DIVA F 2nd,Sega
Sony PS Vita,History Legends of War: Patton,Maximum Games
Sony PS Vita,Invizimals: The Alliance,Sony Computer Entertainment Europe
Sony PS Vita,J-Stars Victory Vs+,Bandai Namco Entertainment
Sony PS Vita,Jonah Lomu Rugby Challenge,Alternative Software Ltd.
Sony PS Vita,Killzone: Mercenary,Sony Computer Entertainment Europe
Sony PS Vita,Legend of Heroes: Trails of Cold Steel,NIS America
Sony PS Vita,Legend of Heroes: Trails of Cold Steel II,NIS America
Sony PS Vita,LEGO Batman 2: DC Super Heroes,Warner Bros. Interactive Entertainment
Sony PS Vita,LEGO Batman 3: Beyond Gotham,WB Games
Sony PS Vita,LEGO Harry Potter: Years 5-7,Warner Bros. Interactive Entertainment
Sony PS Vita,LEGO Jurassic World,Warner Bros. Interactive Entertainment
Sony PS Vita,Lego Legends of Chima: Laval's Journey,Warner Bros. Interactive Entertainment
Sony PS Vita,LEGO Marvel Super Heroes Universe in Peril,Warner Bros. Interactive Entertainment
Sony PS Vita,LEGO Movie Videogame,Warner Bros. Interactive Entertainment
Sony PS Vita,LEGO Ninjago: Nindroids,Warner Bros. Interactive Entertainment
Sony PS Vita,LEGO Ninjago: Shadow of Ronin,Warner Bros. Interactive Entertainment
Sony PS Vita,LEGO Star Wars: The Force Awakens,Warner Bros. Interactive Entertainment
Sony PS Vita,LEGO The Hobbit,Warner Bros. Interactive Entertainment
Sony PS Vita,LittleBigPlanet [Marvel Super Hero Edition],Sony Computer Entertainment Europe
Sony PS Vita,LittleBigPlanet PS Vita,Sony Computer Entertainment Europe
Sony PS Vita,Looney Tunes: Galactic Sports,SCEE
Sony PS Vita,Lost Dimension,NIS America
Sony PS Vita,Lumines Electronic Symphony,Ubisoft
Sony PS Vita,Mary Skelter: Nightmares,Idea Factory
Sony PS Vita,MeiQ: Labyrinth of Death: Limited Edition,Idea Factory
Sony PS Vita,Metal Gear Solid HD Collection,Konami
Sony PS Vita,Michael Jackson The Experience HD,Ubisoft Entertainment
Sony PS Vita,Minecraft: PlayStation Vita Edition,Mojang AB
Sony PS Vita,ModNation Racers: Road Trip,Sony
Sony PS Vita,Mortal Kombat,Warner Bros. Interactive Entertainment
Sony PS Vita,MotoGP 13,Milestone S.r.l
Sony PS Vita,MUD: FIM Motocross World Championship,Missing Field
Sony PS Vita,Muv-Luv,PQube
Sony PS Vita,Muv-Luv Alternative,5pb.
Sony PS Vita,Natural Doctrine,"NIS America, Inc."
Sony PS Vita,Need For Speed: Most Wanted,EA
Sony PS Vita,New Little King's Story,Konami
Sony PS Vita,Ninja Gaiden Sigma 2 Plus,Tecmo Koei
Sony PS Vita,Ninja Gaiden Sigma Plus,Tecmo Koei
Sony PS Vita,Odin Sphere Leifthrasir,Atlus
Sony PS Vita,One Piece Pirate Warriors 3,Bandai Namco Entertainment
Sony PS Vita,One Piece: Unlimited World Red - Day One Edition,Bandai Namco Entertainment
Sony PS Vita,Operation Babel: New Tokyo Legacy,NIS America
Sony PS Vita,Persona 4 Golden,NIS America
Sony PS Vita,Persona 4: Dancing All Night,"NIS America, Inc."
Sony PS Vita,Playstation All-Stars Battle Royale,Sony Computer Entertainment Europe
Sony PS Vita,Psychedelica of the Black Butterfly,Idea Factory
Sony PS Vita,Psycho-Pass Mandatory Happiness,"NIS America, Inc."
Sony PS Vita,Punch Line,PQube
Sony PS Vita,Putty Squad,System 3 Software Ltd.
Sony PS Vita,Rayman Legends,Ubisoft
Sony PS Vita,Rayman Origins,Ubisoft
Sony PS Vita,Reality Fighters,Sony Computer Entertainment Europe
Sony PS Vita,Resistance: Burning Skies,Sony Computer Entertainment Europe
Sony PS Vita,Ridge Racer,Namco Bandai Games Europe SAS
Sony PS Vita,Risk of Rain,Limited Run Games
Sony PS Vita,Root Letter,PQube
Sony PS Vita,Silent Hill: Book Of Memories,Konami
Sony PS Vita,Sly Cooper: Thieves in Time,Sony
Sony PS Vita,Sonic & All-Stars Racing Transformed [Limited Edition],Sega Europe
Sony PS Vita,Sorcery Saga: The Curse Of The Great Curry God,Rising Star Games
Sony PS Vita,Soul Sacrifice,Sony Computer Entertainment
Sony PS Vita,SpongeBob HeroPants,Activision
Sony PS Vita,Spy Hunter,Warner Bros. Interactive Entertainment
Sony PS Vita,Steins;Gate,PQube
Sony PS Vita,Steins;Gate 0,PQube
Sony PS Vita,Street Fighter X Tekken,Capcom
Sony PS Vita,Super Monkey Ball: Banana Splitz,Sega Europe
Sony PS Vita,Tales of Hearts R,Namco Bandai Games Europe SAS
Sony PS Vita,Tearaway,Sony Computer Entertainment Japan
Sony PS Vita,Terraria,505 Games
Sony PS Vita,Tetris Ultimate,Ubisoft Entertainment
Sony PS Vita,Amazing Spider-Man,Activision
Sony PS Vita,Jak and Daxter Trilogy,SCEE
Sony PS Vita,Muppets: Movie Adventures,Sony Computer Entertainment Europe
Sony PS Vita,Ratchet & Clank Trilogy,Sony Comuputer Entertainment
Sony PS Vita,Sly Trilogy,Sony Computer Entertainment
Sony PS Vita,Tokyo Twilight Ghost Hunters,NIS America
Sony PS Vita,Top Trumps Turbo,Funbox Media Ltd.
Sony PS Vita,Touch My Katamari,Namco
Sony PS Vita,Toukiden: Kiwami,Koei Tecmo
Sony PS Vita,Toukiden: The Age of Demons,Koei Tecmo
Sony PS Vita,Trillion: God of Destruction,Idea Factory
Sony PS Vita,Ultimate Marvel Vs Capcom 3,Capcom
Sony PS Vita,Uncharted: Golden Abyss,Sony Computer Entertainment
Sony PS Vita,Unit 13,Sony Computer Entertainment
Sony PS Vita,Virtua Tennis 4: World Tour Edition,Sega Europe
Sony PS Vita,Wipeout 2048,Sony Computer Entertainment Europe
Sony PS Vita,World of Final Fantasy - Day One Edition,Square Enix
Sony PS Vita,WRC 4: FIA World Rally Championship,Bigben Interactive GmbH
Sony PS Vita,Ys: Memories of Celceta,NIS
Sony PS Vita,Zero Escape: Virtue's Last Reward,Rising Star Games
Sony PS Vita,Akiba's Trip: Undead & Undressed,NIS America
Sony PS Vita,Injustice: Gods Among Us - Ultimate Edition,Warner Bros. Interactive Entertainment
Sony PS Vita,LEGO Harry Potter: Years 5-7,Warner Bros. Interactive Entertainment
Sony PS Vita,LEGO Lord of the Rings,Warner Bros. Interactive Entertainment
Sony PS Vita,LEGO Marvel's Avengers,Warner Bros. Interactive Entertainment
Sony PS Vita,LEGO Ninjago: Nindroids,Warner Bros. Interactive Entertainment
Sony PS Vita,Little Deviants,Sony Computer Entertainment Europe
Sony PS Vita,PlayStation Vita Pets,Sony Computer Entertainment
Sony PS Vita,Slain: Back From Hell,Merge Games
Sony PS Vita,Sonic & All-Stars Racing Transformed,Sega Europe
Sony PS Vita,SteamWorld Dig 2,Missing Field
Sony PS Vita,Sword Art Online: Hollow Realization,Bandai Namco Entertainment
Sony PS Vita,Ys VIII: Lacrimosa of Dana,NIS America
Nintendo Game Boy Advance,Crazy Frog Racer,Ubisoft Entertainment
Nintendo Game Boy Advance,Hamtaro: Ham-Ham Heartbreak,Nintendo
Nintendo Game Boy Advance,Top Gear GT Championship,Kemco
Nintendo Wii U,Animal Crossing: amiibo Festival,Nintendo
Nintendo Wii,Animal Crossing: City Folk,Nintendo
Nintendo DS,Animal Crossing: Wild World,Nintendo
Nintendo DS,Bratz: Forever Diamondz,THQ
Nintendo DS,Castlevania: Dawn of Sorrow,Konami
Nintendo DS,Disney Club Penguin: Elite Penguin Force - Herbert's Revenge,Disney Interactive Studios
Nintendo DS,Disney's Kim Possible: Global Gemini,"Buena Vista Games, Inc."
Nintendo DS,Dragon Quest Monsters: Joker,Square Enix
Nintendo DS,Final Fantasy Crystal Chronicles: Ring of Fates,Square Enix
Nintendo DS,Final Fantasy III,Square Enix
Nintendo DS,Final Fantasy IV,Square Enix
Nintendo DS,Harvest Moon DS,Rising Star Games
Nintendo DS,Hell's Kitchen,Ubisoft
Nintendo DS,LEGO Star Wars II: The Original Trilogy,LucasArts Entertainment Company LLC
Nintendo DS,Mario & Sonic at the Olympic Winter Games,Sega
Nintendo DS,Mario Kart DS,Nintendo
Nintendo DS,Monsters vs. Aliens,Activision
Nintendo DS,Moshi Monsters: Moshlings Theme Park,Activision
Nintendo DS,MySims,Electronic Arts
Nintendo DS,New Super Mario Bros.,Nintendo
Nintendo DS,Nintendogs: Dalmatian & Friends,Nintendo
Nintendo DS,Nintendogs: Lab & Friends,Nintendo
Nintendo DS,Pet Alien,The Game Factory
Nintendo DS,Phoenix Wright: Ace Attorney,Capcom
Nintendo DS,Pokémon Diamond,Nintendo
Nintendo DS,Pokemon Mystery Dungeon: Blue Rescue Team,Nintendo
Nintendo DS,Pokémon Pearl Version,Nintendo
Nintendo DS,Pokémon Platinum Version,"Nintendo, The Pokemon Company"
Nintendo DS,Pokémon Ranger,Nintendo
Nintendo DS,Pokémon Ranger: Guardian Signs,Nintendo
Nintendo DS,Pokémon Ranger: Shadows of Almia,Nintendo
Nintendo DS,Pokémon White Version,Nintendo
Nintendo DS,Pokemon White Version 2,Nintendo
Nintendo DS,Professor Layton and Pandora's Box,Nintendo
Nintendo DS,Purr Pals,THQ
Nintendo DS,Sonic Classic Collection,Sega
Nintendo DS,Spyro: Shadow Legacy,Sierra
Nintendo DS,Super Monkey Ball: Touch & Roll,Sega
Nintendo DS,Tetris DS,Nintendo
Nintendo DS,Legend of Spyro: The Eternal Night,Sierra
Nintendo DS,Legend of Zelda: Phantom Hourglass,Nintendo
Nintendo DS,Simpsons Game,EA Games
Nintendo DS,Twilight Scene It?,Konami
Nintendo DS,Zoo Tycoon DS,THQ
Nintendo Switch 2,Bravely Default Flying Fairy HD Remaster,Missing Field
Nintendo Switch 2,Mario Kart World,Nintendo
Nintendo Switch 2,Legend of Zelda: Breath of the Wild,Nintendo
Nintendo Switch 2,Legend of Zelda: Tears of the Kingdom,Nintendo
Sony PlayStation 2,Final Fantasy X,Squaresoft
Sony PlayStation 2,Final Fantasy X-2,Square Enix
Sony PlayStation 2,Final Fantasy XII,Square Enix
Sony PlayStation 2,Futurama,SCi Games
Sony PlayStation 2,Kingdom Hearts II,Square Enix
Sony PlayStation 2,Ratchet & Clank 3,Sony Computer Entertainment
Sony PlayStation 2,"Chronicles of Narnia: The Lion, the Witch and the Wardrobe","Buena Vista Games, Inc."
Sony PlayStation 2,Incredibles,THQ
Sony PlayStation 2,Tony Hawk's Pro Skater 3,Activision